"EPX equity sector, x","EPX equity sector, y","WTI 2-yr swap, x","WTI 2-yr swap, y","HY energy spread ratio (rhs, inverted), x","HY energy spread ratio (rhs, inverted), y"
"0.091362831","89.2027082377","0.0310879693","89.9046747573","0.0852185622","0.9575304358"
"0.0944172642","88.8245495541","0.0371477086","89.5625509976","0.2176768938","0.9618750026"
"0.1034780376","88.5544775539","0.052219094","89.3645488456","0.3501159762","0.9639475027"
"0.1095356409","88.230362212","0.0852898487","89.6564841873","0.4825930223","0.970501023"
"0.1246123662","87.9873390156","0.1214094832","89.6170827314","0.6029166173","0.963465149"
"0.157688888","88.2306516295","0.1575158747","89.6893334654","0.7030999556","0.9474126838"
"0.1937803277","88.4289612876","0.1936201302","89.7795926172","0.7474508686","0.9722477308"
"0.2178147659","88.7847722464","0.2176657822","90.0408593829","0.8438942515","0.9883972105"
"0.2328065865","89.2575836547","0.2296496268","90.5001463894","0.9402756093","0.9972255867"
"0.2417904651","89.6358146928","0.2446574672","90.8378946647","0.9861776498","1.0156889058"
"0.2658478649","89.7980351611","0.2697517012","90.7164885833","1.0609763455","1.0347053874"
"0.2899736157","89.3839862621","0.2898604095","90.3384324016","1.1762741349","1.0434241089"
"0.2990525448","88.9608427113","0.3019499845","89.9063027305","1.2669873539","1.0530869162"
"0.3061229526","88.5556955191","0.3260479677","89.726363262","1.3981758189","1.0496371252"
"0.326226855","88.2181582773","0.3621693109","89.6725550719","1.5185956004","1.0539545715"
"0.3503515378","87.8131135872","0.3983098779","89.4566711223","1.6270952973","1.0722279244"
"0.3624341709","87.4395112737","0.434444037","89.2948124258","1.7476049602","1.087154484"
"0.3745130661","87.0974236912","0.4735584044","89.3805875617","1.7517032607","1.0972496181"
"0.3906047318","86.7553602269","0.5036301542","89.5833631471","1.8378768645","1.085325124"
"0.4077017262","86.3952943744","0.5427525316","89.6016067165","1.9012510248","1.1057425447"
"0.4197848933","86.0171899565","0.5788546511","89.709874286","2.0366170298","1.0980586006"
"0.4348733664","85.6751204626","0.6149653145","89.7461081845","2.1449983545","1.1023599462"
"0.4469437177","85.4050665511","0.6540898278","89.7463433362","2.2534526274","1.1152717028"
"0.4830693329","85.3152415255","0.6811696214","89.8005313867","2.3859681718","1.1263693563"
"0.5131587044","85.3694476646","0.6872336326","89.4223907916","2.5184537731","1.133932684"
"0.5192227156","84.9913070695","0.68727208","89.0982392726","2.6028302371","1.1467065501"
"0.519261163","84.6671555504","0.6873105274","88.7740877535","2.6270480227","1.163366512"
"0.5313464661","84.2710427148","0.6993958305","88.3779749178","2.6512834533","1.1821092017"
"0.5313849135","83.9468911957","0.6964289719","88.0177884747","2.6731423945","1.204531563"
"0.5464787265","83.5598006575","0.7034983117","87.6216454914","2.6925919086","1.2267458374"
"0.5374788283","83.3166327524","0.7236016801","87.288610354","2.7090006716","1.2452808587"
"0.5755552936","83.6950386469","0.7477151491","86.978109857","2.7290397498","1.2660371772"
"0.5675617919","83.4248641447","0.7718414339","86.5595588535","2.7454479246","1.2845027743"
"0.6036019684","84.0553758283","0.7863502055","86.0301981976","2.7654817093","1.3046342745"
"0.6396827283","84.343727575","0.7960333997","85.587249005","2.8162078973","1.3241385855"
"0.6733720591","84.4952008761","0.8111149309","85.3037068687","2.9174375252","1.3368552498"
"0.6902769589","84.0631001468","0.8441930547","85.5335131693","3.0018099026","1.3491467525"
"0.6879192781","83.6416887011","0.8832823246","85.8308872135","3.0452905005","1.3659837464"
"0.7000024452","83.2635842832","0.9163759342","85.9301324855","3.1044082171","1.3813219512"
"0.7000387567","82.9574411818","0.9284526933","85.6060533207","3.1887977144","1.3956341956"
"0.7060984959","82.6153174222","0.9525795121","85.1830002129","3.2831800909","1.405336666"
"0.7121560992","82.2912020803","0.9743067853","84.6915006468","3.3873205913","1.382720143"
"0.7182137025","81.9670867383","0.9918081538","84.3053250004","3.519665032","1.3736216491"
"0.7242713058","81.6429713964","1.000883345","83.9136961806","3.6521041144","1.3756941493"
"0.7303289092","81.3188560545","1.0249770563","83.7697735475","3.7845592378","1.3796600382"
"0.7363865125","80.9947407126","1.0610877197","83.806007446","3.9170833374","1.3917674991"
"0.7454665095","80.5625929529","1.0972005191","83.8242329269","4.0495245587","1.394092451"
"0.7605485747","80.2745487122","1.1333154544","83.82444999","4.1620105588","1.4092414024"
"0.7822705079","79.8280701905","1.1484007236","83.5093931227","4.2423234199","1.4160156396"
"0.7967735124","79.3473322624","1.1454370689","83.1221940529","4.3747669938","1.4186182886"
"0.8208832434","79.0683464963","1.1454733804","82.8160509516","4.5072547339","1.4264340682"
"0.8570045867","79.0145383062","1.1575565475","82.4379465337","4.6320970183","1.4199080086"
"0.893123794","78.9787385339","1.1575949949","82.1137950146","4.6856987182","1.4117465132"
"0.9172463408","78.5917022615","1.1546281363","81.7536085714","4.7857347504","1.437512559"
"0.9172944001","78.1865128626","1.1636953175","81.4295113181","4.7587904431","1.4542632529"
"0.9293839751","77.7543831915","1.1697614647","81.0333623053","4.7537525259","1.4714075876"
"0.9294224225","77.4302316724","1.1667946061","80.6731758621","4.7424803832","1.4829020371"
"0.9234321022","77.1870818559","1.1758617873","80.3490786088","4.8960978382","1.416136036"
"0.9415312212","76.8360262418","1.1819033709","80.1600263999","5.0367169791","1.4000119405"
"0.9655373579","77.4304487355","1.1939747902","79.8809682794","5.1691132856","1.3970354038"
"0.9655758053","77.1062972164","1.2084613477","79.5388951679","5.3014753713","1.3900196376"
"0.9806589385","76.8092487669","1.232477737","80.0468772565","5.4338460123","1.3840136788"
"0.9837165757","76.4040774566","1.2661598056","80.2595791779","5.566300601","1.3879164548"
"0.989772043","76.0979705324","1.3022854207","80.1697541524","5.6988220271","1.3997083509"
"0.9898104904","75.7738190133","1.3384238517","79.9718786205","5.8311547044","1.3892213719"
"0.9868446998","75.4046283613","1.3775675887","79.8100380126","5.9514393852","1.3775922768"
"0.9896267972","77.3225429379","1.4046473823","79.8642260631","6.035672021","1.3733894578"
"0.9979257422","75.017513705","1.4107007137","79.5761275567","6.0864035025","1.3935185871"
"0.9959663482","74.6213164559","1.4348200566","79.2161039109","6.1743902305","1.4061470144"
"1.0020196796","74.3332179495","1.4498134792","79.6754090059","6.2665484085","1.4239720244"
"0.999052821","73.9730315063","1.4617973238","80.1346960123","6.3732493129","1.4329168135"
"1.0101349314","73.5769126412","1.4737939842","80.4859325124","6.5056432132","1.4296562685"
"1.0141989652","73.1447347338","1.5069110894","80.3870851894","6.6259212697","1.4172452739"
"1.0232832342","72.6765701387","1.5430345687","80.3152685816","6.7583731849","1.4208324851"
"1.0323504154","72.3524728854","1.5791644558","80.1894267206","6.8907529158","1.4158994467"
"1.0384080187","72.0283575434","1.6152649733","80.3112006033","6.9989690948","1.4007079036"
"1.0504911858","71.6502531255","1.6392983436","80.676015771","7.1071826767","1.3852098119"
"1.0595679789","71.2451179924","1.6657480268","80.9679113178","7.2033683346","1.3709388446"
"1.07165435","70.8400009479","1.6874131433","81.0004567076","7.2994989184","1.3501672424"
"1.083740721","70.4348839034","1.6914729052","80.6042956357","7.4319246334","1.3506619185"
"1.0988302621","70.0838102007","1.7115623897","80.3883152136","7.5642706782","1.3417527636"
"1.0928399418","69.8406603842","1.7476944128","80.2444649349","7.6605477696","1.3382741125"
"1.1109374589","69.5031110834","1.7838477956","79.9205304789","7.7145716631","1.3207403038"
"1.1254362982","69.0574895698","1.8169819886","79.6776158141","7.7987301569","1.3077861715"
"1.1381293908","68.6118572032","1.8320629858","79.3985757823","7.8695956304","1.2888278638"
"1.147197106","68.2832578454","1.8465559512","79.0024774175","7.9402962701","1.2707125782"
"1.1713061963","68.0096746047","1.8592490438","78.5568450508","7.969494361","1.2662473322"
"1.1863018616","68.4500708611","1.8682986033","78.3813172438","8.1053723502","1.2682474376"
"1.1713356726","67.7611584401","1.8947463642","78.6894203665","8.237817849","1.2710772933"
"1.1982873082","68.8958515542","1.9284581227","78.6518052815","8.3703702877","1.286529741"
"1.2096506543","69.5118081771","1.9645249988","79.0572117435","8.5028473338","1.2930832614"
"1.1952392828","69.2199849847","1.9525187265","78.7870131232","8.6317825574","1.3078606794"
"1.2221556749","70.6518169914","1.9976463759","78.922347585","8.7148439727","1.3075071426"
"1.2191898843","70.2826263394","2.0157358831","78.6523298507","8.8158728669","1.2965303"
"1.2132070399","69.9764470608","2.0488572603","78.5174656922","8.9483049982","1.2977823316"
"1.2334748065","71.6405478613","2.0879849775","78.4906882173","9.0806264469","1.2859699805"
"1.2311192618","71.2011279979","2.1150807909","78.4098131349","9.2130131288","1.2818574105"
"1.2191108535","70.9489377953","2.1211383942","78.085697793","9.3454639746","1.2853183957"
"1.2611680499","71.5974940738","2.1356356315","77.6535825927","9.4779452983","1.2923768198"
"1.2702336292","71.2869031338","2.1332792324","77.2213660964","9.6104506834","1.302275327"
"1.3056969877","71.7058122913","2.133308068","76.9782524571","9.70074177","1.3027101444"
"1.2913022768","71.2735234406","2.1483879972","76.7082166341","9.7334263698","1.324090305"
"1.3182859519","72.1380902888","2.1454243425","76.3210175644","9.7432405285","1.3457499292"
"1.3417093967","72.5704334053","2.14546279","75.9968660453","9.7765296907","1.3674424524"
"1.3512909188","72.9846848966","2.157548093","75.6007532096","9.8699390999","1.3807126357"
"1.3781603197","74.8127020932","2.1600044554","75.1901757563","9.9459441266","1.4000240775"
"1.375194529","74.4435114412","2.1839554841","76.2492154274","10.0051976047","1.4110877183"
"1.3752329765","74.1193599221","2.181599085","75.8169989311","10.0810084941","1.4277833665"
"1.3752714239","73.795208403","2.181663164","75.2767463993","10.1654049024","1.442911346"
"1.3753055993","73.5070737194","2.2176371255","76.4655190324","10.2377891718","1.4611296347"
"1.3693206189","73.2189028586","2.2056308532","76.1953204121","10.2620113686","1.4783102786"
"1.3894012748","76.460541052","2.2537520608","76.4657360955","10.2914326837","1.5001931909"
"1.3870448757","76.0283245556","2.289876608","76.3849152788","10.3586366562","1.5159307874"
"1.3870833231","75.7041730365","2.3139980869","76.0068832153","10.4587609951","1.5293486462"
"1.3871217705","75.3800215174","2.3381249057","75.5838301074","10.5053558499","1.4984245315"
"1.38715381","75.1098952515","2.353202699","75.3318027022","10.587061312","1.4801154504"
"1.4012781075","77.8220497865","2.3862455794","75.8587478952","10.7205513091","1.4878207048"
"1.398920854","77.3970366573","2.3742633367","75.3859545755","10.8340326597","1.502043922"
"1.3989593014","77.0728851382","2.4012438078","76.2775340504","10.9003850291","1.5187584833"
"1.3989934769","76.7847504545","2.4132340604","76.6827958036","10.944688235","1.5379624517"
"1.4231299075","76.2806594669","2.4252307208","77.0340323037","11.0270514962","1.5499317825"
"1.4231683549","75.9565079478","2.458347826","76.9351849807","11.1034485364","1.5681497612"
"1.4232068023","75.6323564287","2.4944894609","76.7102968222","11.1597405505","1.5815095916"
"1.4232452497","75.3082049096","2.5246012602","76.5754145751","11.2260888588","1.597744795"
"1.4202783911","74.9480184665","2.5306567275","76.2693076509","11.3345419096","1.6105122934"
"1.422967574","77.6492992142","2.5427398946","75.891203233","11.4670857931","1.6249549338"
"1.4230060214","77.3251476951","2.5518188237","75.4680596822","11.5996451828","1.64122785"
"1.4230444688","77.000996176","2.5669147726","75.0629607263","11.7298676768","1.6400186453"
"1.4230829162","76.6768446569","2.5910469314","74.5948865741","11.7860205126","1.6154212753"
"1.4383711023","74.6509881055","2.6031407783","74.1267400676","11.8339728048","1.5916976019"
"1.4354074476","74.2637890358","2.6031792257","73.8025885485","11.9603325773","1.5866703589"
"1.435445895","73.9396375167","2.6032176731","73.4784370294","12.0386182354","1.5909875531"
"1.4354757986","73.6875196685","2.6032539846","73.172293928","",""
"1.4623131599","75.7856631311","2.6183499336","72.7671949721","",""
"1.4593473693","75.4164724791","2.6153841429","72.3980043201","",""
"1.4593836807","75.1103293777","2.6093916866","72.1728629213","",""
"1.4712959704","76.172898378","2.6275004175","71.7407694274","",""
"1.4714508281","74.8672880928","2.6275463408","71.3535884463","",""
"1.4594541677","74.5160515927","2.6275847882","71.0294369272","",""
"1.4595054309","74.0838495672","2.6396786352","70.5612904206","",""
"1.4894089733","75.7047880486","2.6397170826","70.2371389015","",""
"1.4894474207","75.3806365295","2.63975553","69.9129873824","",""
"1.4955092959","75.0205043522","2.6458174052","69.552855205","",""
"1.4995776017","74.5523096094","2.6518750085","69.2287398631","",""
"1.5136522023","74.3002761746","2.648907082","68.8775576289","",""
"1.5197076696","73.9941692504","2.6639902151","68.5805091793","",""
"1.5317887007","73.6340732503","2.6909931139","69.283000268","",""
"1.5438718678","73.2559688323","2.6820060315","68.9317818565","",""
"1.5559550349","72.8778644144","2.7029881724","69.6477430814","",""
"1.568038202","72.4997599965","2.711964041","70.0935056859","",""
"1.5831320151","72.1126694583","2.7720658893","70.8502210023","",""
"1.5922045362","71.7435511607","2.7841426485","70.5261418376","",""
"1.6191636477","72.8152148128","2.7902130676","70.0939759893","",""
"1.616199993","72.4280157431","2.7962749428","69.7338438119","",""
"1.6162341685","72.1398810594","2.8083410222","69.4998067358","",""
"1.6102887035","71.5185544707","2.8323984221","69.6620272041","",""
"1.6304879056","73.7607254802","2.8444773172","69.3199396216","",""
"1.6221059427","73.3824980598","2.8661928425","68.927486353","",""
"1.6161188263","73.1123356167","2.8806894391","68.5007736781","",""
"1.6162726159","71.8157295403","2.9048045101","68.1767668678","",""
"1.6424595752","74.3226604676","2.8927886259","67.9876061273","",""
"1.666492625","74.690176898","2.916897289","67.7176245701","",""
"1.6731790571","74.1391591104","2.9289719122","67.4115538231","",""
"1.6912717682","73.8421287495","2.9410486714","67.0874746584","",""
"1.6883059776","73.4729380975","2.9531211587","66.7994123291","",""
"1.6823135213","73.2477966987","2.96519151","66.5293584175","",""
"1.6881820915","74.5174263257","2.9772661332","66.2232876705","",""
"1.7004142423","72.8832347713","2.9893343485","65.9712421767","",""
"1.7243322703","74.2205044963","3.0157831774","66.2703410906","",""
"1.7243781936","73.8333235151","3.0284759496","65.8274099866","",""
"1.7183996211","73.4911274011","3.0374470123","66.313691531","",""
"1.7184348646","73.1939885086","3.0495686268","65.611435594","",""
"1.7483864662","74.4097375911","3.0616966492","64.8551544038","",""
"1.7604610895","74.1036668441","3.0798502354","64.0448841376","",""
"1.7845686846","73.8426894958","3.0979637722","63.5722717038","",""
"1.8086837555","73.5186826855","3.1162310987","61.8030531936","",""
"1.8304033392","73.0920134232","3.1403397618","61.5330716365","",""
"1.8449012173","72.6544956976","3.1704707847","61.2361136299","",""
"1.8449450046","72.2853231342","3.1885666998","60.9120706423","",""
"1.8449717042","72.0602179126","3.2066626149","60.5880276548","",""
"1.8600484295","71.8171947163","3.3030428","59.9673160781","",""
"1.8540805369","71.3849565136","3.3030887233","59.580135097","",""
"1.8691626021","71.0969122729","3.3031250347","59.2739919956","",""
"1.8834206111","72.6817398582","3.3176188545","58.8706902637","",""
"1.8810642119","72.2495233619","3.33911288","60.3457099135","",""
"1.8929263064","73.7352901788","3.3391545314","59.9945457678","",""
"1.8929700937","73.3661176154","3.3331802308","59.6163328183","",""
"1.8970213117","73.0419902144","3.3332186782","59.2921812993","",""
"1.8871250192","71.8983953934","3.3534595317","61.1831881631","",""
"1.8811539226","71.4931698173","3.3450839767","60.7509354896","",""
"1.9049037431","74.2486024384","3.3791476714","61.1293172659","",""
"1.9289275015","74.6944554859","3.3992467678","60.832298964","",""
"1.9431687432","76.4206491503","3.4233522269","60.5893300334","",""
"1.9408114896","75.995636021","3.4474566181","60.3553653117","",""
"1.9408456651","75.7075013374","3.4618543194","60.7624423775","",""
"1.9348649566","75.3833136411","3.4714243073","61.2739393245","",""
"1.9349034041","75.059162122","3.4858027849","61.8430921499","",""
"1.9555955874","78.2197660534","3.4713901318","61.5620740081","",""
"1.9526319328","77.8325669836","3.5135114073","61.6703777548","",""
"1.9526703802","77.5084154645","3.5195711465","61.3282539952","",""
"1.9527045557","77.2202807809","3.5460968702","60.9790498708","",""
"1.9467238472","76.8960930846","3.5738054926","60.8063354757","",""
"1.9826529534","78.46304249","3.5798524161","60.5722622224","",""
"1.9857041827","78.1118964329","3.606365324","60.3311086045","",""
"2.0007873159","77.8148479834","3.6400931022","60.1584303865","",""
"2.012866211","77.4727604009","3.6762400771","59.8885211837","",""
"2.0249515141","77.0766475653","3.7147306353","60.1588789836","",""
"2.0340304432","76.6535040145","3.7003167007","59.8886658925","",""
"2.0491178483","76.3204387294","3.7454411462","60.0510129809","",""
"2.0612031513","75.9243258938","3.7845656594","60.0512481326","",""
"2.0852028801","76.5727736407","3.8206891387","59.9794315248","",""
"2.0852413275","76.2486221216","3.8327616259","59.6913691955","",""
"2.0972070164","76.8609806787","3.8448405211","59.349281613","",""
"2.1092923195","76.4648678431","3.8689555921","59.0252748027","",""
"2.1093307669","76.140716324","3.8930834788","58.5932174859","",""
"2.1133905287","75.7445552521","3.9051666459","58.215113068","",""
"2.1214459735","75.4924856402","3.9172369972","57.9450591565","",""
"2.121478013","75.2223593743","3.9253116657","57.530913785","",""
"2.1426059337","74.7092460892","3.9293671556","57.1707695486","",""
"2.1576941932","74.3689774371","3.9414642065","56.6756104154","",""
"2.1697636901","74.1061268926","3.935483498","56.3514227191","",""
"2.1877335831","74.844580551","3.9535762091","56.0543923582","",""
"2.1817656904","74.4123423484","3.9896804647","56.1446515099","",""
"2.2207588417","75.5200951903","4.0257804482","56.2709274971","",""
"2.2177140203","75.8172159942","4.0589018254","56.1360633387","",""
"2.2418782185","75.0790155761","4.0739870946","55.8210064714","",""
"2.2418419071","75.3851586775","4.0981032335","55.4879954522","",""
"2.2539485698","74.8089616646","4.1222311203","55.0559381354","",""
"2.266027465","74.4668740821","4.1463525992","54.6779060719","",""
"2.2925501983","74.1428817426","4.1848502061","54.8888360933","",""
"2.3141711003","74.5482013794","4.1764611944","54.5700364515","",""
"2.3142127516","74.1970372337","4.1968295651","55.3859407769","",""
"2.3382103444","74.8634933983","4.2088063611","55.9046555619","",""
"2.3621289064","76.1962610189","4.2305385469","55.371736635","",""
"2.3622891039","74.8456296893","4.2305748584","55.0655935336","",""
"2.3800870516","77.0337609748","4.2425405472","55.6779520907","",""
"2.3741095471","76.6825606519","4.2456590595","54.7595408752","",""
"2.3980665565","77.6911767534","4.2426943369","54.3813460143","",""
"2.392086916","77.3579848482","4.2666620261","55.2999200272","",""
"2.4124437525","78.2711346295","4.278627715","55.9122785843","",""
"2.398032381","77.979311437","4.2786640265","55.6061354829","",""
"2.4220192939","78.7358096903","4.2667004735","54.9757685081","",""
"2.4485381825","78.4442325027","4.266732513","54.7056422422","",""
"2.4762493681","78.2499080063","4.30875767","55.6243247866","",""
"2.4823005635","77.9798179176","4.3148110013","55.3362262801","",""
"2.5064092265","77.7098363604","4.3389223344","55.0437342008","",""
"2.5281307325","77.2669595222","4.3630486192","54.6251831973","",""
"2.5365979206","76.9266510752","4.3871668941","54.2741637604","",""
"2.5546906317","76.6296207142","4.4136896274","53.9501714209","",""
"2.567023707","74.1445314222","4.4262769896","54.3959557317","",""
"2.5791965847","73.0100734597","4.4382720481","54.7606985451","",""
"2.5913758703","71.8215902441","4.4653838812","54.5447603297","",""
"2.5914143177","71.497438725","4.4714329406","54.2926786587","",""
"2.6035423402","70.7411575348","4.5075564198","54.2208620509","",""
"2.6035807876","70.4170060157","4.5436756271","54.1850622785","",""
"2.603619235","70.0928544966","4.5797991063","54.1132456707","",""
"2.61570881","69.6607248255","4.6188915801","54.3836070883","",""
"2.6157472574","69.3365733064","4.6099012937","54.0594013034","",""
"2.6157857048","69.0124217873","4.6308978524","54.6538057086","",""
"2.6198497386","68.58024388","4.6459072947","54.9780476706","",""
"2.6339328831","68.2561767743","4.6579840539","54.6539685059","",""
"2.6399990303","67.8600277615","4.6640459291","54.2938363285","",""
"2.6400374777","67.5358762424","4.6791199845","54.0733236543","",""
"2.6400759251","67.2117247233","4.7000284345","55.4105752908","",""
"2.6340834688","66.9865833245","4.7000668819","55.0864237717","",""
"2.6481740892","66.5994867568","4.7001053293","54.7622722526","",""
"2.652238123","66.1673088494","4.7121884964","54.3841678347","",""
"2.6522765704","65.8431573304","4.7001758162","54.1679944676","",""
"2.6523150178","65.5190058113","4.7719411141","58.0852594495","",""
"2.664391777","65.1949266465","4.7599444536","57.7340229494","",""
"2.7004938965","65.303194216","4.7839377745","58.4364959496","",""
"2.736602424","65.3574365323","4.7959440467","58.7066945698","",""
"2.7757354812","65.2856380131","4.855853658","61.0841674817","",""
"2.8112228693","65.5019524712","4.8702086399","61.8514129022","",""
"2.7968089347","65.23173938","4.8678513864","61.4263997729","",""
"2.8208043915","65.9162039624","4.8879600947","61.0483435912","",""
"2.8389109864","65.5021188862","4.8921736462","59.355576443","",""
"2.8389494338","65.1779673671","4.891923738","61.4625613171","",""
"2.8450027652","64.8898688607","4.9018594036","58.8910171491","",""
"2.8546927945","64.3892927313","4.9222726296","59.3287447023","",""
"2.869195799","63.9085548032","5.0816072474","60.7883852336","",""
"2.8837026482","63.3954017232","5.0906776326","60.4372753537","",""
"2.8964005467","62.9092504167","5.0967309639","60.1491768472","",""
"2.9024741697","62.4500719418","5.1088119951","59.789080847","",""
"2.9175701187","62.0449729859","5.1329174542","59.5461119165","",""
"2.9176053622","61.7478340934","5.1473025533","60.0594386469","",""
"2.9296789174","61.4507675553","5.1598835075","60.559248211","",""
"2.929707753","61.2076539159","5.1569716501","59.7353450113","",""
"2.9387749342","60.8835566626","5.180894484","61.0320957964","",""
"2.9514734735","60.3920028307","5.337337002","61.5012552641","",""
"2.9635758643","59.8518226533","5.3524228052","61.1816962924","",""
"2.9804884535","59.3548916201","5.3614990643","60.7810632638","",""
"2.9931796237","58.9254668294","5.3735779595","60.4389756813","",""
"3.0020978212","59.8574567126","5.3856568546","60.0968880989","",""
"3.0164495992","60.6517147596","5.3977378857","59.7367920987","",""
"3.0140923457","60.2267016304","5.4338699088","59.5929418199","",""
"3.0166021073","59.3659137339","5.469995524","59.5031167944","",""
"3.0382159605","59.8306611491","5.5061232752","59.3952833511","",""
"3.0407325572","58.9122463159","5.5422467544","59.3234667433","",""
"3.0381134341","60.6950652","5.5806997196","59.9107726952","",""
"3.0381518815","60.3709136809","5.5723254461","59.4677149711","",""
"3.0442863796","59.3984953008","5.5663319218","59.2515777812","",""
"3.0534272518","58.4531076359","5.5932867613","60.3592582687","",""
"3.0474593591","58.0208694332","5.6022738438","60.7104766802","",""
"3.0625403563","57.7418294014","5.6168223444","59.8461594545","",""
"3.0866543593","57.4268267999","5.6264081385","60.2243941103","",""
"3.113179015","57.0866268845","5.628922172","59.3275893783","",""
"3.1469196091","56.8058981602","5.6505232095","59.9003872999","",""
"3.1620027423","56.5088497106","5.6624942383","60.4677248127","",""
"3.1921305612","56.2389043306","5.65049117","60.1705135658","",""
"3.2102200684","55.9688865962","5.6505680648","59.5222105276","",""
"3.2336505619","56.3418019342","5.6986123776","60.4409292492","",""
"3.2432261033","56.8064769951","5.7347444007","60.2970789705","",""
"3.231290318","55.9420005898","5.7684461202","60.3441034488","",""
"3.2551490729","57.7790039067","5.7828325008","60.8466251287","",""
"3.2582035061","57.4008452231","5.8068824248","61.071875059","",""
"3.2492068118","57.1306646914","5.818954912","60.7838127297","",""
"3.2609759917","59.3997976794","5.843070517","60.4553038149","",""
"3.267037867","59.039665502","5.8672000058","60.0097401849","",""
"3.2670763144","58.7155139829","5.8913262906","59.5911891815","",""
"3.2671147618","58.3913624639","5.9154301477","59.3617265642","",""
"3.2611297814","58.103191603","5.9515536269","59.2899099564","",""
"3.2669567002","59.7239853757","5.9876835141","59.1640680954","",""
"3.2787451038","61.8310426042","5.9997645452","58.8039720952","",""
"3.2907385603","62.2092917308","6.0118498482","58.4078592595","",""
"3.3087511726","62.5875770347","6.0209255734","58.0117283353","",""
"3.3291676026","62.9982919613","6.0359948228","57.831734601","",""
"3.341143117","63.5278117968","6.0600415428","58.0839971579","",""
"3.3531199129","64.0465265818","6.0961906536","57.7960795374","",""
"3.3808208458","63.9386424904","6.093222727","57.4448973031","",""
"3.3868784491","63.6145271485","6.1083144041","57.0758151826","",""
"3.4110031319","63.2094824584","6.1083507155","56.7696720813","",""
"3.4290958431","62.9124520974","6.1174339165","56.310511695","",""
"3.4532429535","62.3183190212","6.1325106418","56.0674884986","",""
"3.5049692468","62.642781664","6.1686512088","55.851604549","",""
"3.5194558043","62.3007085524","6.2047917757","55.6357205994","",""
"3.5555750116","62.2649087801","6.2313273249","55.2036777535","",""
"3.591685675","62.3011426786","6.2410071016","54.7895420293","",""
"3.6277813867","62.4634355013","6.2530795888","54.5014797","",""
"3.663885215","62.5572963366","6.2674371339","55.2471150192","",""
"3.6939835576","62.5358671212","6.2800216125","55.7172106939","",""
"3.7000411609","62.2117517793","6.2731199461","54.6996928856","",""
"3.7091211579","61.7796040196","6.2889734515","56.3655679979","",""
"3.7241968152","61.5455850321","6.289008695","56.0684291054","",""
"3.7482905265","61.401662399","6.313123766","55.744422295","",""
"3.7843926461","61.5099299685","6.3131686213","55.3662455228","",""
"3.8205054455","61.5281554493","6.3252411086","55.0781831935","",""
"3.8205417569","61.222012348","6.3492365654","55.7626477759","",""
"3.835632366","60.8619344364","6.3432547889","55.4474642885","",""
"3.8447102271","60.4477950944","6.3612342938","56.1048800671","",""
"3.8608083007","60.0517063769","6.3973321414","56.249164472","",""
"3.8748978531","59.673614018","6.433427853","56.4114572946","",""
"3.9896227935","56.6308787886","6.4695513322","56.3396406868","",""
"4.0039961448","57.2432518166","6.4936450435","56.1957180537","",""
"3.9895886181","56.9190134722","6.5080239483","56.7612691956","",""
"4.0135627152","57.7835622319","6.4936087321","56.5018611551","",""
"4.0466520528","57.9188243393","6.5200058706","57.236763778","",""
"4.061737322","57.6037674721","6.5319775402","57.7986987655","",""
"4.0738162172","57.2616798896","6.5576934474","57.5107184378","",""
"4.0858929764","56.9376007249","6.5656207341","58.3391538895","",""
"4.0979633277","56.6675468133","6.5656591815","58.0150023704","",""
"4.1100358149","56.3794844841","6.565694425","57.7178634779","",""
"4.1221104381","56.0734137371","6.5655822867","58.6633054086","",""
"4.1341850614","55.7673429901","6.5777968158","57.1776833005","",""
"4.1662829542","55.8035527705","6.589872507","56.8626083446","",""
"4.1942997255","56.4160078001","6.5897998841","57.4748945473","",""
"4.2093198476","56.6502076735","6.6259767625","56.9528674963","",""
"4.2424220011","56.6774192746","6.662081018","57.0431266481","",""
"4.2424615165","56.3442635466","6.6981959534","57.0433437112","",""
"4.2544026417","57.1637189076","6.6982344008","56.7191921921","",""
"4.268710846","58.3253486763","6.7133111261","56.4761689957","",""
"4.2663544468","57.8931321799","6.7366903563","57.2812863592","",""
"4.2663886223","57.6049974963","6.7283109565","56.8814488375","",""
"4.2813030141","58.7306140472","6.7486620259","57.8432213466","",""
"4.266476197","56.8666523695","6.7343621519","56.6113587488","",""
"4.3144275952","58.5687372622","6.7727783785","57.5084094856","",""
"4.340945843","58.2825625999","6.7823744252","57.8002037363","",""
"4.3746736213","58.109884382","6.8004703403","57.4761607488","",""
"4.4107917606","58.0830888185","6.8184797487","57.8814586792","",""
"4.4108205961","57.8399751792","6.8425147209","58.2327675336","",""
"4.4227339538","58.8935399706","6.8665464892","58.6110890146","",""
"4.425794795","58.4613560337","6.8905814614","58.962397869","",""
"4.4466898952","59.9111602809","6.9146164336","59.3137067235","",""
"4.4828176464","59.8033268377","6.9410699616","59.5731871183","",""
"4.5213436616","59.7747449033","6.9627953123","59.0978951282","",""
"4.5550047977","60.1639293184","6.9628337597","58.7737436091","",""
"4.5886774681","60.4558682778","6.9627184175","59.7461981664","",""
"4.6151162579","60.8396067551","6.9627568649","59.4220466473","",""
"4.6415729898","61.0720745233","6.9749147909","58.4136476089","",""
"4.6573817111","59.7323423051","6.9749532383","58.0894960898","",""
"4.6574201585","59.408190786","6.9749916857","57.7653445707","",""
"4.6634820338","59.0480586086","6.9870534931","57.5673243301","",""
"4.6635204812","58.7239070895","7.013438243","58.4066757758","",""
"4.6633624196","60.0565300014","7.0050607656","57.9906306782","",""
"4.6695802204","58.3817833299","7.0350556206","58.8417093018","",""
"4.6726378576","57.9766120196","7.0470464071","59.2424689506","",""
"4.6756698633","57.7875417221","7.0831527985","59.3147196846","",""
"4.7596817297","59.9490583299","7.1192677339","59.3149367477","",""
"4.7537010212","59.6248706337","7.1577685447","59.4988541425","",""
"4.7477203127","59.3006829374","7.1817887788","59.9744210792","",""
"4.7477523522","59.0305566715","7.1913342031","60.6930148301","",""
"4.7716794581","60.2912906211","7.1793311348","60.3958035832","",""
"4.7836771865","60.6335229123","7.2032763963","61.5034659822","",""
"4.7956727789","60.9937636212","7.1973052997","61.0982404061","",""
"4.8076683713","61.3540043302","7.215255435","62.0032719285","",""
"4.8196660997","61.6962366214","7.2417099242","62.2546485354","",""
"4.8256489442","62.0024158999","7.2633686328","62.3412191783","",""
"4.8459936057","63.0182136622","7.2724454259","61.9360840452","",""
"4.8436359249","62.5968022165","7.2875114713","61.7831029375","",""
"4.8376520125","62.2996271468","7.3265986052","62.0984853994","",""
"4.858462742","64.4607638942","7.3572700278","62.3201734411","",""
"4.8554969514","64.0915732422","7.3897580907","62.4500294056","",""
"4.8555311269","63.8034385586","7.395815694","62.1259140636","",""
"4.8495461465","63.5152676978","7.4199222211","61.8739409242","",""
"4.8697857184","65.4170796122","7.4589751795","62.4774580698","",""
"4.8674284649","64.992066483","7.4479902556","62.0541939283","",""
"4.8674626403","64.7039317993","7.470967034","62.8692135097","",""
"4.894603309","64.2448799446","7.5040601096","62.9729608861","",""
"4.8856066147","63.9746994129","7.5401835888","62.9011442783","",""
"4.8914751849","65.2443290399","7.576307068","62.8293276705","",""
"4.9035604879","64.8482162042","7.6124380231","62.6944816007","",""
"4.9035903915","64.5960983561","7.6461485001","62.6676715663","",""
"4.9036971898","63.6956774697","7.6725767168","63.1405517113","",""
"4.9237012357","64.2000337567","7.696611689","63.4918605657","",""
"4.9157055981","63.9478676722","7.7206664189","63.6765915561","",""
"4.939628432","65.2446184574","7.7567813543","63.6768086192","",""
"4.9336541314","64.8664055079","7.7928856098","63.767067771","",""
"4.927667015","64.5962430648","7.8289941373","63.8213100872","",""
"4.9757326875","65.3348776091","7.8530344494","64.1275978974","",""
"5.0118604387","65.2270441658","7.8794700352","64.5383490011","",""
"5.0479924618","65.0831938871","7.9071363655","64.722201277","",""
"5.0720979209","64.8402249565","7.9101940027","64.3170299667","",""
"5.0881991985","64.4171236124","7.9252835438","63.965956264","",""
"5.1083014989","64.0930926839","7.9223156172","63.6147740297","",""
"5.1233840981","63.8005463388","7.9343987843","63.2366696118","",""
"5.1564462021","64.1654157723","7.9494669657","63.0656800864","",""
"5.1444591536","63.7331413925","7.9735008699","63.4259931496","",""
"5.1683948033","64.9218416712","8.0096158053","63.4262102127","",""
"5.1684332507","64.5976901521","8.0457307406","63.4264272758","",""
"5.1833625942","65.597247779","8.0848103986","63.8048391998","",""
"5.1803968036","65.228057127","8.0738158628","63.4626129382","",""
"5.1923144333","66.2456050829","8.0937942771","64.1830702379","",""
"5.1923560846","65.8944409373","8.1057941415","64.5072941113","",""
"5.2163510074","66.5834076241","8.1299028046","64.2373125542","",""
"5.2524344373","66.8492488487","8.1564242563","63.9241252653","",""
"5.288525877","67.0475585068","8.1871456606","63.7244163322","",""
"5.3270390764","67.1270270787","8.202215978","63.535418389","",""
"5.3487564173","66.7192666551","8.2383394572","63.4636017812","",""
"5.3487003481","67.1919876204","8.2744757522","63.283734667","",""
"5.3608427883","66.3141496106","8.3045928914","63.1038313756","",""
"5.3848761586","66.6789647783","8.3106504947","62.7797160337","",""
"5.4029047907","66.9221869492","8.3227357977","62.3836031981","",""
"5.4186122671","66.4360537312","8.3197689391","62.0234167549","",""
"5.4331030966","66.0579637841","8.3378552424","61.7804116472","",""
"5.4692372556","65.8961050877","8.3348777039","61.5102672927","",""
"5.5053799585","65.6622127203","8.373322766","62.1642043902","",""
"5.5415034378","65.5903961125","8.358919084","61.8075508939","",""
"5.5679450043","65.9507236467","8.3859059631","62.6451051156","",""
"5.5805291626","66.4235205841","8.3979026235","62.9963416156","",""
"5.5918921883","67.0421784697","8.4189696691","62.9964682358","",""
"5.5895306628","66.6531821759","8.4250272724","62.6723528939","",""
"5.601474992","67.4456249103","8.4310827397","62.3662459697","",""
"5.6160713383","66.1779191275","8.4551914028","62.0962644125","",""
"5.6016522773","65.9509262389","8.4913405136","61.8083467919","",""
"5.613568839","66.9774784038","8.5274938964","61.484412336","",""
"5.6136072864","66.6533268847","8.5425770296","61.1873638864","",""
"5.6257694843","65.6089110108","8.569672843","61.106488804","",""
"5.6258079317","65.2847594917","8.5757325822","60.7643650443","",""
"5.6258463791","64.9606079726","8.5878050695","60.476302715","",""
"5.6379231383","64.6365288079","8.6119030527","60.2963632465","",""
"5.6540126681","64.3124737613","8.6383155701","60.9016052618","",""
"5.6741085606","64.042468086","8.6359540447","60.512608968","",""
"5.7102598074","63.7365420477","8.6508641645","61.6742423544","",""
"5.7464089182","63.4486244272","8.6478962379","61.3230601201","",""
"5.7704983576","63.3407186296","8.6622255883","62.3064065532","",""
"5.7824848721","63.7774951138","8.6598608588","61.944422886","",""
"5.8065342621","64.0072471486","8.695921327","62.4038546012","",""
"5.839671659","63.7373198572","8.7320554861","62.2419959048","",""
"5.8547579962","63.413258781","8.7681768293","62.1881877147","",""
"5.8668347554","63.0891796163","8.7825676955","62.6528917173","",""
"5.8789115145","62.7651004516","8.7921445186","63.1067617275","",""
"5.9030842566","61.9548663626","8.8162692014","62.7017170374","",""
"5.9392312315","61.6849571598","8.8042533173","62.5125562969","",""
"5.9543143647","61.3879087102","8.8313747622","62.2155802017","",""
"5.9874485577","61.1449940454","8.8404472834","61.846461904","",""
"5.9995338607","60.7488812098","8.8525363244","61.4188343374","",""
"6.0116148918","60.3887852096","8.8646136176","61.0902530682","",""
"6.0236993405","59.999875741","8.8765793065","61.7026116253","",""
"6.0237300985","59.7405545258","8.8885770349","62.0448439165","",""
"6.0507281913","60.4835645543","8.8766177539","61.3784601062","",""
"6.0627264537","60.8212947411","8.9035950211","62.2970522077","",""
"6.0597873627","60.2269988675","8.9367196022","62.1351754226","",""
"6.0838191309","60.6053203485","8.972868713","61.8472578021","",""
"6.0935036067","60.1515661053","8.9999768082","61.6628343177","",""
"6.132045001","59.9933235632","9.0113391931","62.2868947286","",""
"6.1681343047","60.2096416391","9.0089751045","61.9195085361","",""
"6.1922087923","60.2277947655","9.0239268757","62.7299777768","",""
"6.2673553264","61.0116131515","9.0329064823","63.1442256503","",""
"6.258358632","60.7414326198","9.0449020747","63.5044663592","",""
"6.2786731764","62.011149072","9.059913653","63.8106999036","",""
"6.2763146413","61.5969409934","9.0870190782","63.6487869413","",""
"6.264304097","61.3627592086","9.0930606618","63.4597347324","",""
"6.2704450031","60.3363155753","9.102127843","63.1356374791","",""
"6.2906269038","62.7243547684","9.1196288912","62.7521630953","",""
"6.2882653784","62.3353584746","9.153364359","62.5146545735","",""
"6.3099984186","61.7952361806","9.1894857022","62.4608463834","",""
"6.3123420019","62.3355031833","9.2286038076","62.5151067883","",""
"6.3245020639","61.3090957272","9.2586723535","62.7448950003","",""
"6.3509389313","61.7090417804","9.3007792111","62.9747555666","",""
"6.3846615833","61.579583765","9.3308589708","63.1099995854","",""
"6.420814966","61.255649309","9.345945308","62.7859385093","",""
"6.4569683488","60.931714853","9.3700475632","62.5699822053","",""
"6.4720466761","60.6751853433","9.4061368669","62.7863002811","",""
"6.5050863525","61.229143163","9.4422304426","62.9666015215","",""
"6.4991120519","60.8509302135","9.4813282563","63.1919418948","",""
"6.4931217315","60.607780397","9.5084240696","63.1110668124","",""
"6.5194752963","61.7100547415","9.5144720611","62.8679893502","",""
"6.5434968119","62.1748166276","9.5265434804","62.5889312298","",""
"6.5651465494","62.337022625","9.5530747576","62.1929052194","",""
"6.5742233425","61.9318874919","9.5867927104","62.103065723","",""
"6.5923048398","61.7294013241","9.6149077362","61.8871335371","",""
"6.6229727381","61.980803255","9.6374185533","61.5559137124","",""
"6.6518172679","62.380763779","9.6681495694","61.2751668995","",""
"6.6854954917","62.6258808524","9.6862278628","61.0996933582","",""
"6.7216040192","62.6801231686","9.7072324314","61.6265661969","",""
"6.7456165637","63.2205204092","9.7223347883","61.1674419878","",""
"6.7576142921","63.5627527004","9.7312823553","61.8518161272","",""
"6.7456507392","62.9323857256","9.7373442306","61.4916839498","",""
"6.7696098846","63.9229934093","9.7464594711","60.7623972977","",""
"6.7815990691","64.3372593714","9.7434146497","61.0595181016","",""
"6.8056244294","64.7696061056","9.7585410362","60.397799193","",""
"6.8296594017","65.12091496","9.7886320097","60.4384990188","",""
"6.8536895679","65.5127427543","9.8007151768","60.0603946009","",""
"6.8777245401","65.8640516088","9.8158068539","59.6913124805","",""
"6.9041578832","66.2937115512","9.827892157","59.2951996448","",""
"6.940856792","66.4452029409","9.8399731881","58.9351036446","",""
"6.9643827632","66.0131420065","9.8520520832","58.5930160622","",""
"6.9739749653","66.337351409","9.8641352503","58.2149116443","",""
"6.9740646759","65.5809978645","9.8762162815","57.8548156441","",""
"6.998102852","65.9052940923","9.8883015845","57.4587028085","",""
"7.0124514261","66.7265647659","9.9003826157","57.0986068083","",""
"7.0040771526","66.2835070418","9.9124732586","56.6574729283","",""
"6.9981541152","65.4730920669","9.9365701739","56.4865376686","",""
"7.0461450289","66.8420212316","9.9756984251","56.4552580893","",""
"7.082277052","66.6981709529","10.0087413055","56.9822032823","",""
"7.118413347","66.5183038387","10.0027702089","56.5769777063","",""
"7.1574983449","66.8516947184","9.9967766846","56.3608405164","",""
"7.1505197837","66.4824799483","10.0351852216","57.322721557","",""
"7.1425177381","66.284339117","10.0688655814","57.5498302126","",""
"7.1688546423","67.5270791198","10.1049890607","57.4780136048","",""
"7.1544471156","67.2028407755","10.1411146758","57.3881885793","",""
"7.1808109329","68.2186747149","10.1712104553","57.3883694652","",""
"7.1663957167","67.9592666744","10.1893191862","56.9562759713","",""
"7.1927492814","69.0615410189","10.2013959454","56.6321968065","",""
"7.1843698817","68.6617034973","10.2074599566","56.2540562114","",""
"7.2022767636","69.9314054787","10.2195399197","55.9029644201","",""
"7.196305667","69.5261799026","10.2978284617","55.5702789955","",""
"7.2142574043","70.4177051117","10.3339626208","55.4084202991","",""
"7.2383596595","70.2017488077","10.3731036878","55.2690902134","",""
"7.2624763324","69.864235684","10.4085817845","55.5637412886","",""
"7.2865801896","69.6347730667","10.4062106472","55.2557828746","",""
"7.322688717","69.689015383","10.4302392115","55.6611169822","",""
"7.3588036524","69.6892324461","10.4363032227","55.2829763871","",""
"7.3829123155","69.4192508889","10.4393608599","54.8778050768","",""
"7.3828802759","69.6893771549","10.4514504349","54.4456754057","",""
"7.3950050944","68.9601085913","10.46653784","54.1126101207","",""
"7.3950510177","68.5729276101","10.4725879674","53.8515242409","",""
"7.4095465463","68.1552191441","10.5539202628","53.2307222213","",""
"7.4432144107","68.4876770434","10.5870363001","53.1408791071","",""
"7.4312193522","68.12293423","10.6231469635","53.1771130057","",""
"7.4696548025","68.8579092073","10.6592234514","53.5014815879","",""
"7.4973467643","68.8256604704","10.695310192","53.739409765","",""
"7.5004011976","68.4475017867","10.7254213504","53.6099300433","",""
"7.5275151667","68.2135551536","10.7314693419","53.3668525811","",""
"7.5636493257","68.0516964572","10.7435428971","53.069786043","",""
"7.6027845188","67.9618895202","10.767664376","52.6917539794","",""
"7.6388289673","68.5563843683","10.791781049","52.3542408558","",""
"7.6298418848","68.2051659569","10.8159057318","51.9491961656","",""
"7.6238579724","67.9079908872","10.8424313487","51.6008924622","",""
"7.6478171177","68.8985985709","10.868105391","51.665877122","",""
"7.6622152462","69.3020739533","10.9483864345","51.4502584717","",""
"7.671780535","69.8531894192","10.9695111512","50.9641578132","",""
"7.6958042934","70.2990424667","10.9845932164","50.6761135726","",""
"7.7198440715","70.6098323812","11.0086228487","51.0724434713","",""
"7.7559397832","70.7721252039","11.0326594229","51.4102460124","",""
"7.7920547185","70.772342267","11.056704007","51.6805169871","",""
"7.8281696539","70.7725593301","11.080748057","51.9552900662","",""
"7.8402464131","70.4484801654","11.0928333601","51.5591772305","",""
"7.8522334616","70.8807545452","11.0928718075","51.2350257114","",""
"7.8886025771","68.7379698987","11.1079533387","50.9514835752","",""
"7.8885662656","69.0441130001","11.1410346665","51.1542772491","",""
"7.9006772003","68.4318991517","11.1290187824","50.9651165086","",""
"7.9097582654","67.9907471832","11.1771698935","50.9834143438","",""
"7.9248392626","67.7117071513","11.2132848289","50.9836314069","",""
"7.92487771","67.3875556322","11.2464147499","50.7767335775","",""
"7.9393770833","66.9374320143","11.2855702347","50.5158466722","",""
"7.9633319567","67.9640565335","11.3247086318","50.3990271087","",""
"7.9549564017","67.53180386","11.3517980373","50.3721772794","",""
"7.9549948491","67.2076523409","11.3518364847","50.0480257603","",""
"7.972907071","68.4323332779","11.3578983599","49.6878935829","",""
"7.9970312199","68.0317906922","11.3549293653","49.3457155575","",""
"8.0211462908","67.7077838818","11.3670189403","48.9135858864","",""
"8.0452725756","67.2892328784","11.3821031415","48.607533228","",""
"8.0693844427","66.9922386946","11.3941841726","48.2474372278","",""
"8.0958251548","67.3597695959","11.4062630678","47.9053496454","",""
"8.1095142846","66.9744714581","11.4183462349","47.5272452274","",""
"8.1174864266","67.4247301376","11.427425164","47.1041016766","",""
"8.1295631858","67.1006509728","11.439514739","46.6719720055","",""
"8.1356207891","66.7765356309","11.4546000081","46.3569151383","",""
"8.1416805283","66.4344118713","11.475716181","45.9428481507","",""
"8.1537487437","66.1823663775","11.4908025181","45.6187870745","",""
"8.1778461929","66.0069290134","11.5028856852","45.2406826566","",""
"8.2018923789","66.2636936747","11.5270028922","44.8986674285","",""
"8.2379977024","66.3449486176","11.5654579933","45.4679649627","",""
"8.2741062299","66.3991909339","11.5570805159","45.0519198651","",""
"8.3042084172","66.3453465666","11.5510966035","44.7547447954","",""
"8.3102660205","66.0212312247","11.5991425182","45.6599572037","",""
"8.3223513236","65.6251183891","11.6134907719","46.48392914","",""
"8.319384465","65.2649319459","11.6111301008","46.0877294791","",""
"8.3314644282","64.9138401546","11.6253676045","47.8454378746","",""
"8.3585634455","64.8059524456","11.6169869232","47.4564054036","",""
"8.3825631742","65.4544001925","11.6170253706","47.1322538845","",""
"8.3826048256","65.1032360468","11.6110318463","46.9161166946","",""
"8.3969495549","65.9569218723","11.6378328962","49.3204032585","",""
"8.3826496809","64.7250592745","11.6348649696","48.9692210243","",""
"8.4216700658","65.6032047904","11.6288842611","48.645033328","",""
"8.4186236424","65.9138319076","11.6289227085","48.3208818089","",""
"8.4548026568","65.3737964389","11.6491558725","50.2767189765","",""
"8.4909560395","65.0498619829","11.6407751912","49.8876865056","",""
"8.5174838992","64.6826494409","11.6347880748","49.6175240625","",""
"8.5512244933","64.4019207166","11.6586820731","51.1573884869","",""
"8.5873565163","64.2580704378","11.6587279964","50.7702075058","",""
"8.6114753253","63.9025488965","11.6730722985","51.6274950148","",""
"8.625976087","63.440719807","11.6856577383","52.0894869016","",""
"8.6566622478","63.5381497663","11.6976527968","52.454229715","",""
"8.6927803871","63.5113542029","11.7096430493","52.8594914682","",""
"8.7319358719","63.2504672975","11.7216397097","53.2107279683","",""
"8.7500168352","63.052483234","11.7336299622","53.6159897215","",""
"8.7800570795","63.5208829809","11.7456298266","53.940213595","",""
"8.7920633518","63.7910816012","11.7576200791","54.3454753482","",""
"8.8161805588","63.4490663731","11.7696167396","54.6967118483","",""
"8.8403105815","62.9990006386","11.7787479998","53.8323620631","",""
"8.8644320604","62.6209685751","11.7787864472","53.508210544","",""
"8.864457692","62.4048675623","11.7788248946","53.1840590249","",""
"8.9005363159","62.7112277268","11.775860172","52.8058641641","",""
"8.936666203","62.5853858658","11.7787095524","54.1565135822","",""
"8.96678975","62.3514573213","11.7909443732","52.4998115056","",""
"9.0510387088","62.5140395614","11.7909828206","52.1756599865","",""
"9.069060933","62.8112869854","11.791021268","51.8515084674","",""
"9.0871536442","62.5142566245","11.7910597154","51.5273569484","",""
"9.1052559672","62.1361883838","11.7910960269","51.221213847","",""
"9.1293758441","61.7716626335","11.8031796212","50.8395077455","",""
"9.1654987893","61.7043481301","11.8301318975","51.9687983344","",""
"9.2016137246","61.7045651932","11.827161835","51.6356245178","",""
"9.2377040964","61.9118790602","11.8231917837","51.2754320451","",""
"9.2713744171","62.2236272791","11.8632212352","52.1040604418","",""
"9.2858562755","61.9211726865","11.887342714","51.7260283783","",""
"9.3099734824","61.5791574585","11.8994194732","51.4019492136","",""
"9.3220481057","61.2730867114","11.9355237287","51.4922083653","",""
"9.3461695846","60.8950546479","11.9716301202","51.5644590993","",""
"9.3702766457","60.638579404","12.0077343757","51.6547182511","",""
"9.4063718233","60.8053743311","12.0378280192","51.6729075547","",""
"9.445472841","61.0037020778","","","",""
"9.4785290711","61.41809466","","","",""
"9.4665334787","61.0578539511","","","",""
"9.4905374793","61.6702848626","","","",""
"9.5146482784","61.3822948877","","","",""
"9.5387633494","61.0582880773","","","",""
"9.5628816243","60.7072686404","","","",""
"9.5870031032","60.3292365768","","","",""
"9.6111245821","59.9512045133","","","",""
"9.6352524688","59.5191471966","","","",""
"9.6533547918","59.1410789558","","","",""
"9.6714539109","58.7900233417","","","",""
"9.6955540301","58.5920754554","","","",""
"9.7195975461","58.8713506389","","","",""
"9.731693529","58.3851957147","","","",""
"9.7413863351","57.8612086423","","","",""
"9.7436965974","58.6824069615","","","",""
"9.7582989243","57.3642776091","","","",""
"9.7896087876","57.2780253254","","","",""
"9.816125113","57.0080582391","","","",""
"9.8402353781","56.7245703686","","","",""
"9.8643472451","56.4275761848","","","",""
"9.8884575101","56.1440883143","","","",""
"9.9125725811","55.820081504","","","",""
"9.9275948392","56.0362729597","","","",""
"9.9509529234","57.0196736586","","","",""
"9.9546778368","56.0634483836","","","",""
"9.9751846182","55.7124072403","","","",""
"9.9872857274","55.1830321135","","","",""
"10.0113085246","55.636988949","","","",""
"10.0089431544","55.2804078071","","","",""
"10.0269237273","55.9288193768","","","",""
"10.0450340601","55.4832195696","","","",""
"10.0811644812","55.3528756042","","","",""
"10.1172730087","55.4071179205","","","",""
"10.1533772642","55.4973770722","","","",""
"10.1653675167","55.9026388255","","","",""
"10.1733364548","56.3799101315","","","",""
"10.1894345284","55.983821414","","","",""
"10.2015134236","55.6417338315","","","",""
"10.2136008626","55.2276125781","","","",""
"10.2076105423","54.9844627616","","","",""
"10.2317192054","54.7144812045","","","",""
"10.2921446527","52.7429212351","","","",""
"10.3162789474","52.2568386652","","","",""
"10.3404132421","51.7707560953","","","",""
"10.3585091571","51.4467131078","","","",""
"10.3766082762","51.0956574936","","","",""
"10.4910875804","50.1238903028","","","",""
"10.4911313677","49.7547177394","","","",""
"10.5032294865","49.2505543974","","","",""
"10.5153276054","48.7463910554","","","",""
"10.5153596449","48.4762647895","","","",""
"10.5454746481","48.3143699158","","","",""
"10.5515215716","48.0802966626","","","",""
"10.5756329046","47.7878045832","","","",""
"10.6021533952","47.4827210824","","","",""
"10.6261826002","47.8826526646","","","",""
"10.6357459667","48.4499757066","","","",""
"10.6278475156","47.3784266155","","","",""
"10.6501310658","48.963302437","","","",""
"10.6627232339","49.368567808","","","",""
"10.6478195219","48.1529091684","","","",""
"10.674098755","49.8818764499","","","",""
"10.6598001626","48.6392088014","","","",""
"10.7017804642","49.9360681181","","","",""
"10.7078337956","49.6479696116","","","",""
"10.7295531656","49.2231011911","","","",""
"10.7410491553","48.7207350732","","","",""
"10.7561408324","48.3516529527","","","",""
"10.7682133196","48.0635906235","","","",""
"10.7923305266","47.7215753954","","","",""
"10.8164584133","47.2895180786","","","",""
"10.840591106","46.816941822","","","",""
"10.873723697","46.5875334705","","","",""
"10.8918228161","46.2364778564","","","",""
"10.8828261217","45.9662973247","","","",""
"10.9009284447","45.5882290839","","","",""
"10.9272890581","46.63107565","","","",""
"10.9249335134","46.1916557866","","","",""
"10.9249676889","45.9035211029","","","",""
"10.9210189973","45.363244453","","","",""
"10.9368223075","47.4523173819","","","",""
"10.9368607549","47.1281658628","","","",""
"10.9488264438","47.7405244199","","","",""
"10.9585707267","46.7825344803","","","",""
"10.9669437185","47.236397255","","","",""
"10.9760573571","46.5206169161","","","",""
"10.9970619256","47.0474897548","","","",""
"10.9971099849","46.6423003559","","","",""
"11.0210648583","47.6689248752","","","",""
"11.0150841499","47.3447371789","","","",""
"11.0330647227","47.9931487486","","","",""
"11.048074165","48.3173907107","","","",""
"11.0450261397","48.6415241412","","","",""
"11.1322045776","49.4794401347","","","",""
"11.1232110872","49.1822469764","","","",""
"11.1172303787","48.8580592801","","","",""
"11.1411873881","49.8666753816","","","",""
"11.1592939831","49.4525903054","","","",""
"11.1653579943","49.0744497103","","","",""
"11.1623900677","48.723267476","","","",""
"11.1774774728","48.390202191","","","",""
"11.2136223117","48.1383014059","","","",""
"11.2497479269","48.0484763804","","","",""
"11.2858671342","48.0126766081","","","",""
"11.3243764889","48.1245603319","","","",""
"11.3520543533","48.2111671521","","","",""
"11.3520928007","47.887015633","","","",""
"11.3521312482","47.5628641139","","","",""
"11.3581845795","47.2747656074","","","",""
"11.3582112791","47.0496603858","","","",""
"11.3702869703","46.73458543","","","",""
"11.3673201117","46.3743989868","","","",""
"11.3794032788","45.9962945689","","","",""
"11.3884640522","45.7262225688","","","",""
"11.3945216555","45.4021072269","","","",""
"11.4066026866","45.0420112267","","","",""
"11.4549823463","43.133408365","","","",""
"11.4670676493","42.7372955294","","","",""
"11.4791465445","42.3952079469","","","",""
"11.4912233037","42.0711287822","","","",""
"11.5033021989","41.7290411997","","","",""
"11.515378958","41.404962035","","","",""
"11.5274557172","41.0808828703","","","",""
"11.5395324764","40.7568037055","","","",""
"11.5516092356","40.4327245408","","","",""
"11.5636838589","40.1266537938","","","",""
"11.5757413943","39.9646503886","","","",""
"11.587722035","40.4509500216","","","",""
"11.5997197634","40.7931823128","","","",""
"11.6146629907","41.6756852244","","","",""
"11.6056662964","41.4055046928","","","",""
"11.6057047438","41.0813531737","","","",""
"11.6259596947","42.8535044805","","","",""
"11.6115508864","42.5400711868","","","",""
"11.6384672785","43.9719031935","","","",""
"11.6294737881","43.6747100352","","","",""
"11.6295122355","43.3505585161","","","",""
"11.6498222943","44.6580926455","","","",""
"11.6354160492","44.3230492505","","","",""
"11.6617721771","45.4037134938","","","",""
"11.6594029621","45.0795475038","","","",""
"11.6743515294","45.9170293711","","","",""
"11.7074152354","46.2683924913","","","",""
"11.7434799755","46.691807371","","","",""
"11.7735362396","47.0251439849","","","",""
"11.7675683469","46.5929057823","","","",""
"11.8219425988","44.8914359017","","","",""
"11.8550319365","45.0266980091","","","",""
"11.8821309538","44.9188103001","","","",""
"11.8881821492","44.6487202114","","","",""
"11.9122737245","44.522805996","","","",""
"11.9483715721","44.6670904009","","","",""
"11.9844715557","44.7933663881","","","",""
"12.0205715393","44.9196423753","","","",""
"12.044641755","44.9738123372","","","",""
